EmailAddress,Username,Fname,Mname,Lname,Gender,Birthdate,PhoneNo,Nationality,GPA,EducationLevel,CareerLevel,Country,City
millermartin@example.org,gutierrezjackson,Bryan,Carl,Porter,Female,10/02/1981,906-705-8226,Yemen,3,High School,Senior Level,Jordan,Lake James
ufranklin@example.net,deborahlong,Joel,Kevin,Holland,Female,25/07/1969,001-605-922-2203x5541,Japan,1,Bachelor's Degree,Entry Level,Afghanistan,Hillstad
alexander32@example.net,paulweiss,Janet,Jeffrey,Black,Male,08/01/1959,+1-262-788-6221x1710,Bahrain,3,Bachelor's Degree,Senior Level,Netherlands,East Lisaburgh
john48@example.com,jennifersandoval,Timothy,Frank,Marks,Female,08/06/1978,261-263-8709x509,Kyrgyz Republic,3,Master's Degree,Entry Level,Reunion,Rileyborough
bodonnell@example.net,mathewscarla,Melissa,Jacob,Oneal,Male,10/04/1985,(282)623-6201x31458,Peru,2,PhD,Junior Level,New Caledonia,Meaganburgh
wrightashlee@example.com,ramirezomar,Tracey,Christopher,Benson,Male,19/03/1981,001-954-554-6107x96618,Somalia,1,Master's Degree,Junior Level,Bangladesh,Bennetthaven
arroyomichael@example.org,jeffreyhall,Carrie,Bradley,Jackson,Female,13/03/1979,001-780-208-8278x098,Maldives,4,Bachelor's Degree,Junior Level,Heard Island and McDonald Islands,Lake Douglasmouth
allisoncampbell@example.com,tommycampbell,Isaac,Michael,Wheeler,Male,27/01/2000,414.536.3033,Ukraine,3,Master's Degree,Senior Level,Bolivia,Richardside
nancysexton@example.com,williamsnicholas,Destiny,James,Young,Female,10/12/1972,+1-361-485-3710x58240,Guernsey,3,Bachelor's Degree,Junior Level,Barbados,Rebeccamouth
richard61@example.com,rwilson,Nathan,Edward,Henson,Male,30/12/1979,+1-541-513-2087x8375,Turks and Caicos Islands,4,Master's Degree,Senior Level,Nauru,Jeremiahmouth
dmyers@example.net,ashley32,Anthony,Andrew,Rose,Female,02/10/1971,975-221-0244x53519,Senegal,2,High School,Senior Level,Equatorial Guinea,Hartmouth
hoovererik@example.org,barajaschristine,Christopher,Vincent,Pitts,Male,27/11/1980,320.206.3254,Jordan,1,Bachelor's Degree,Entry Level,Bosnia and Herzegovina,North Jerrymouth
robert29@example.org,milessharon,Antonio,Carlos,Henry,Female,11/04/1984,+1-717-377-5150x1896,Micronesia,1,High School,Senior Level,San Marino,South Robert
roberthoward@example.org,nguyenivan,Natasha,Ronnie,White,Male,01/10/1991,-3298,Fiji,4,High School,Senior Level,Tajikistan,Bassside
antonio12@example.org,qjones,Beverly,Brad,Mcintosh,Male,11/09/1983,636.757.7189x597,Bangladesh,4,Bachelor's Degree,Entry Level,Guatemala,Aprilport
moranstacy@example.org,scopeland,Stacy,David,Freeman,Female,08/04/2005,001-330-605-6115x577,Isle of Man,1,Master's Degree,Entry Level,Trinidad and Tobago,Abbottville
andrewmorris@example.net,robertsdavid,Diana,John,Anderson,Male,09/05/2004,-1780,Reunion,2,PhD,Senior Level,Jordan,Maryland
rkemp@example.com,caitlinfitzpatrick,Scott,Carl,Andrews,Male,16/08/1984,(547)817-1735x3080,Vanuatu,1,PhD,Entry Level,Netherlands,Anthonymouth
angela42@example.net,garciamichael,Joshua,Brian,Acosta,Male,26/11/1959,+1-741-944-1017x97111,Turkey,3,Bachelor's Degree,Entry Level,Chile,Marissaton
murraywendy@example.com,cmurray,Suzanne,John,Hernandez,Male,27/01/1978,(661)940-6808,Marshall Islands,3,PhD,Entry Level,Ecuador,Port Julia
tmcclure@example.org,gomezkelly,Lori,Benjamin,Harrison,Male,13/07/1960,461.822.4980,Italy,1,Master's Degree,Entry Level,Mexico,Michaelhaven
grayandre@example.net,bowentimothy,Thomas,David,Fleming,Female,24/02/1995,761.513.3268,Bosnia and Herzegovina,3,Bachelor's Degree,Senior Level,Cocos (Keeling) Islands,North Eric
morrowalyssa@example.com,hmason,Christopher,Michael,Carter,Male,30/03/1993,284.551.6381x32744,San Marino,1,Bachelor's Degree,Junior Level,Liberia,Lake Brianborough
shawn86@example.org,john92,Dawn,Steven,Martinez,Male,20/11/1977,739-899-1468,Argentina,2,Bachelor's Degree,Entry Level,Switzerland,Marciaburgh
smithjason@example.org,nicholasgonzales,Benjamin,Cameron,Miller,Male,29/04/1973,(691)999-0996x1436,Burkina Faso,3,PhD,Entry Level,South Georgia and the South Sandwich Islands,East Michael
sarahcampbell@example.org,sharon71,Sean,John,Stout,Female,14/10/1983,372.569.1339x37940,Guinea-Bissau,3,Master's Degree,Junior Level,New Caledonia,Thomasport
montesdaniel@example.org,janet08,Michael,Erik,Lindsey,Female,12/02/1997,606.294.3023x34685,Guadeloupe,2,PhD,Entry Level,Saint Martin,Littlefurt
devin25@example.net,moraruben,Sonya,Edward,Edwards,Male,14/08/1995,-4983,Senegal,2,Master's Degree,Junior Level,Azerbaijan,Wubury
nkerr@example.com,robertsonstephen,Ashley,John,Palmer,Female,17/09/1978,001-504-329-7439x95267,Gabon,2,High School,Entry Level,Niger,Lewismouth
nlowe@example.net,ihinton,William,Clinton,Harrison,Male,26/03/1987,955.333.8767,Martinique,2,High School,Entry Level,Montserrat,Paulfurt
xdavis@example.org,lisa92,Nicholas,Michael,Hull,Female,06/08/1980,300-273-3879,Lao People's Democratic Republic,1,High School,Entry Level,Dominican Republic,Beverlyville
bvelazquez@example.com,cohenchristine,Brandon,Brian,Jones,Male,05/05/1977,707.952.1672x474,Netherlands Antilles,3,High School,Senior Level,Ghana,Lanemouth
matthew60@example.com,valvarado,Amber,Travis,Hunt,Female,30/08/1963,527.347.6646x97567,Sri Lanka,3,Master's Degree,Entry Level,Saint Pierre and Miquelon,West Erica
ygonzales@example.net,perezrobert,Joshua,Trevor,Bradshaw,Male,12/05/1975,7372235471,Vanuatu,1,Master's Degree,Entry Level,Italy,North Christopher
qmyers@example.net,brian30,Ashley,Eric,Martinez,Female,15/09/1967,(722)262-8977,Albania,3,Bachelor's Degree,Junior Level,Tanzania,Port Tammyfort
nicolegreen@example.com,christina56,Ronald,David,Stephenson,Female,01/02/1969,4237918898,Christmas Island,4,Bachelor's Degree,Junior Level,Heard Island and McDonald Islands,North Davidburgh
petersgeoffrey@example.com,smithgabrielle,Linda,Robert,Taylor,Female,13/05/1958,001-212-968-0897x709,Greenland,1,High School,Junior Level,Kiribati,Erinton
shawnshaffer@example.net,rtrevino,Melissa,Willie,Luna,Male,10/06/1981,362.788.7235x47238,Malta,1,High School,Junior Level,Botswana,South Sandra
paulstewart@example.org,rachel93,Alexandra,Ryan,Cook,Male,25/10/1968,(846)931-1069x2398,Tuvalu,3,Master's Degree,Entry Level,New Caledonia,Rebeccaburgh
youngpatrick@example.com,obrooks,Michael,Kevin,Williams,Female,19/05/1976,001-329-226-3679x608,Azerbaijan,1,Bachelor's Degree,Senior Level,Saint Kitts and Nevis,South Amanda
kennethburns@example.net,daniel80,Michael,Jeffrey,Fisher,Male,20/11/1985,001-433-361-4839x485,Guyana,2,PhD,Entry Level,Egypt,South Brooke
robertwhite@example.org,dennis17,David,Jason,Taylor,Female,01/02/1985,(332)982-8944x8375,Latvia,3,High School,Senior Level,Yemen,Lake Kristenville
johnsonangela@example.net,qcrosby,Mathew,Brian,Aguilar,Male,08/04/1983,001-784-455-9117x1885,Somalia,3,Bachelor's Degree,Senior Level,Montenegro,East Lisa
smithshirley@example.com,stacey84,Michael,Derek,Marquez,Female,17/02/1967,8308673686,Somalia,2,Bachelor's Degree,Junior Level,United States Minor Outlying Islands,Molinafurt
brandy08@example.com,jennifer89,John,James,Hall,Female,03/10/1993,001-539-914-3007x527,French Southern Territories,4,Bachelor's Degree,Junior Level,Palau,Johnmouth
heather00@example.com,chambersandrew,Ashley,Richard,Hanson,Female,20/11/1995,826-233-6263x89574,French Polynesia,4,PhD,Entry Level,Sri Lanka,Conwayborough
megan28@example.com,susan59,James,Brian,Carter,Female,15/04/2000,592-670-7146x0701,Bhutan,3,Bachelor's Degree,Senior Level,Saint Helena,Davidmouth
gjones@example.net,coreyrowland,Garrett,Joshua,Allen,Female,31/08/1977,4393441419,Belgium,4,PhD,Entry Level,Cocos (Keeling) Islands,East Jesse
johnhuffman@example.com,richardsonamanda,Sean,James,Kelly,Male,28/09/1978,973.319.6613x825,Philippines,2,Bachelor's Degree,Junior Level,Burundi,North Tiffany
jenniferowens@example.com,zacharymiller,Jennifer,Daniel,Wilson,Female,30/11/1976,336-415-9593x647,United Kingdom,3,High School,Junior Level,Colombia,Steinchester